Stop_ID,Latitude,Longitude
Depot,28.6139,77.209
Stop_1,28.60637240713084,77.2360428583846
Stop_2,28.627819636508686,77.21491950905182
Stop_3,28.593261118426547,77.18835967122017
Stop_4,28.587385016730092,77.2309705687465
Stop_5,28.619966900704593,77.22148435466777
Stop_6,28.58513506965775,77.23719459112972
Stop_7,28.633846558448028,77.1917403466407
Stop_8,28.594809498032426,77.1900042705912
Stop_9,28.602154534577572,77.21048538589794
Stop_10,28.60981670111853,77.19647374841189
Stop_11,28.620611173683344,77.18736963163913
Stop_12,28.601428678912114,77.20098171059763
Stop_13,28.61126419905302,77.22611055768358
Stop_14,28.5958804269295,77.20985406630481
Stop_15,28.619444874131723,77.18178702476321
Stop_16,28.620352691114086,77.18923144742124
Stop_17,28.58780309557912,77.2359331322352
Stop_18,28.641837921984475,77.227503840887
Stop_19,28.6021768261504,77.18486032684038
Stop_20,28.624953981590732,77.20540914962437
